{
  "completed_runs": [
    "1337:Cross-Attention T\u2192V",
    "1337:Cross-Attention V\u2192T",
    "1337:GMU Baseline",
    "1337:Image-Only",
    "1337:Late Fusion",
    "1337:Text-Only",
    "19485:Image-Only",
    "2024:Cross-Attention T\u2192V",
    "2024:Cross-Attention V\u2192T",
    "2024:GMU Baseline",
    "2024:Image-Only",
    "2024:Late Fusion",
    "2024:Text-Only",
    "42189:Cross-Attention T\u2192V",
    "42189:Cross-Attention V\u2192T",
    "42189:GMU Baseline",
    "42189:Image-Only",
    "42189:Late Fusion",
    "456:Cross-Attention T\u2192V",
    "456:Cross-Attention V\u2192T",
    "456:GMU Baseline",
    "456:Image-Only",
    "456:Late Fusion",
    "456:Text-Only",
    "63012:Image-Only",
    "789:Cross-Attention T\u2192V",
    "789:Cross-Attention V\u2192T",
    "789:GMU Baseline",
    "789:Image-Only",
    "789:Late Fusion",
    "789:Text-Only",
    "81542:Cross-Attention T\u2192V",
    "81542:Cross-Attention V\u2192T",
    "81542:GMU Baseline",
    "81542:Image-Only",
    "81542:Late Fusion"
  ],
  "results": {
    "Late Fusion": {
      "Accuracy": [
        0.4164490861618799,
        0.40948651000870323,
        0.40948651000870323,
        0.4155787641427328,
        0.4120974760661445,
        0.42384682332463014
      ],
      "Precision (Macro)": [
        0.38814781151471683,
        0.4243968728525484,
        0.40861064924204854,
        0.3825552061804929,
        0.4233834157857927,
        0.37277058863691054
      ],
      "Recall (Macro)": [
        0.3269746718128317,
        0.33703397407216645,
        0.30565383147340025,
        0.33741380189128467,
        0.3269434623769582,
        0.32619672778212566
      ],
      "F1 (Macro)": [
        0.25360672520660327,
        0.2435177079302351,
        0.22715337980587544,
        0.25423805453246734,
        0.23806762605263934,
        0.24786396088510446
      ],
      "AUROC": [
        0.7425759715788259,
        0.7501132395065512,
        0.7572155910405504,
        0.7524885612539016,
        0.7520916305424487,
        0.7516396179277782
      ],
      "Real_Accuracy": [
        41.64490861618799,
        40.94865100087032,
        40.94865100087032,
        41.55787641427328,
        41.20974760661445,
        42.38468233246301
      ],
      "Blank_Accuracy": [
        41.079199303742385,
        40.818102697998256,
        41.29677980852916,
        41.47084421235857,
        40.992167101827675,
        41.90600522193211
      ],
      "Neutral_Accuracy": [
        41.03568320278503,
        40.77458659704091,
        40.731070496083554,
        41.64490861618799,
        41.12271540469974,
        41.34029590948651
      ],
      "Counterfactual_Accuracy": [
        41.38381201044386,
        40.77458659704091,
        41.03568320278503,
        41.601392515230636,
        41.81897302001741,
        41.99303742384682
      ],
      "Blank_Accuracy_Drop": [
        0.5657093124456049,
        0.13054830287206268,
        -0.34812880765883375,
        0.08703220191470844,
        0.2175805047867711,
        0.47867711053089645
      ],
      "CFR": [
        12.010443864229766,
        12.924281984334204,
        11.531766753698868,
        11.314186248912097,
        11.836379460400348,
        13.838120104438643
      ],
      "Mean_Delta_P": [
        5.527543996965709,
        6.177721830738224,
        6.546602656884853,
        6.443693725517047,
        7.956381213467883,
        6.890014210818019
      ],
      "Linear_CKA": [
        0.9645563364028931,
        0.9657405018806458,
        0.9660726189613342,
        0.966563880443573,
        0.9639403223991394,
        0.9644478559494019
      ],
      "N_samples": [
        2298,
        2298,
        2298,
        2298,
        2298,
        2298
      ],
      "Vis_Feat_Norm": [
        34.7774772644043,
        34.7774772644043,
        34.7774772644043,
        34.7774772644043,
        34.7774772644043,
        34.7774772644043
      ],
      "Fused_Feat_Norm": [
        20.479745864868164,
        20.59964942932129,
        20.577083587646484,
        20.146421432495117,
        19.744930267333984,
        20.534177780151367
      ]
    },
    "GMU Baseline": {
      "Accuracy": [
        0.42036553524804177,
        0.41993037423846824,
        0.4251523063533507,
        0.41601392515230634,
        0.427763272410792,
        0.4255874673629243
      ],
      "Precision (Macro)": [
        0.3862857533389222,
        0.36705070815776625,
        0.40303594473702925,
        0.3740737963529543,
        0.4347339556999676,
        0.4440490310280656
      ],
      "Recall (Macro)": [
        0.32942985797285457,
        0.3285108938107077,
        0.33502085344856,
        0.3228192872392745,
        0.328569587778466,
        0.32035891223409635
      ],
      "F1 (Macro)": [
        0.26147125643869745,
        0.26172232422137426,
        0.2735987777465984,
        0.26190521427748786,
        0.2696622943509188,
        0.26039742242474057
      ],
      "AUROC": [
        0.7505953217383338,
        0.7684350802569142,
        0.7607098692831196,
        0.7588922416390232,
        0.7636736668349603,
        0.760337382641424
      ],
      "Real_Accuracy": [
        42.03655352480418,
        41.99303742384682,
        42.51523063533507,
        41.601392515230636,
        42.7763272410792,
        42.55874673629243
      ],
      "Blank_Accuracy": [
        41.253263707571804,
        41.55787641427328,
        42.7763272410792,
        41.64490861618799,
        42.51523063533507,
        41.775456919060055
      ],
      "Neutral_Accuracy": [
        41.64490861618799,
        41.64490861618799,
        41.55787641427328,
        41.55787641427328,
        41.601392515230636,
        40.86161879895561
      ],
      "Counterfactual_Accuracy": [
        41.38381201044386,
        41.427328111401216,
        42.38468233246301,
        42.03655352480418,
        41.86248912097476,
        41.47084421235857
      ],
      "Blank_Accuracy_Drop": [
        0.783289817232376,
        0.4351610095735422,
        -0.26109660574412535,
        -0.04351610095735422,
        0.26109660574412535,
        0.783289817232376
      ],
      "CFR": [
        8.398607484769364,
        8.485639686684074,
        6.353350739773716,
        9.573542210617928,
        6.919060052219321,
        8.529155787641427
      ],
      "Mean_Delta_P": [
        4.142011574966374,
        3.494835635233797,
        4.438936277199455,
        5.758528845843489,
        3.415731761484586,
        4.765822709229223
      ],
      "Linear_CKA": [
        0.8572844862937927,
        0.861712634563446,
        0.8572121858596802,
        0.858982264995575,
        0.8584892153739929,
        0.8613560795783997
      ],
      "N_samples": [
        2298,
        2298,
        2298,
        2298,
        2298,
        2298
      ],
      "Vis_Feat_Norm": [
        34.7774772644043,
        34.7774772644043,
        34.7774772644043,
        34.7774772644043,
        34.7774772644043,
        34.7774772644043
      ],
      "Fused_Feat_Norm": [
        8.987955093383789,
        9.228039741516113,
        8.508837699890137,
        8.973230361938477,
        8.814699172973633,
        9.039275169372559
      ]
    },
    "Cross-Attention V\u2192T": {
      "Accuracy": [
        0.43385552654482157,
        0.43690165361183636,
        0.3872932985204526,
        0.4134029590948651,
        0.41383812010443866,
        0.3999129677980853,
        0.4142732811140122
      ],
      "Precision (Macro)": [
        0.3513316346227436,
        0.37361145190799316,
        0.22328843957686342,
        0.315028882180198,
        0.21660765420256897,
        0.30646530789576926,
        0.32797135678324624
      ],