{
  "split_info": {
    "type": "lesion-disjoint",
    "total_images": 9344,
    "total_lesions": 4672,
    "val_lesions": 700,
    "val_images": 1400,
    "train_images": 7944,
    "lesion_overlap": 0,
    "val_class_distribution": {
      "BCC": 766,
      "NEV": 214,
      "SCC": 156,
      "MEL": 130,
      "SEK": 98,
      "ACK": 36
    },
    "majority_class_in_val": "BCC",
    "majority_baseline_pct": 54.714285714285715
  },
  "results": {
    "Late Fusion": {
      "Accuracy": [
        0.685,
        0.6935714285714286,
        0.6935714285714286
      ],
      "Blank_Accuracy": [
        68.78571428571429,
        68.92857142857143,
        68.5
      ],
      "Blank_Drop": [
        -0.2857142857142857,
        0.42857142857142855,
        0.8571428571428571
      ],
      "Neutral_Accuracy": [
        65.92857142857143,
        66.57142857142857,
        65.92857142857143
      ],
      "CFR": [
        4.214285714285714,
        4.142857142857143,
        3.9285714285714284
      ],
      "Mean_Delta_P": [
        5.295980215072632,
        4.606022621904101,
        4.950690673930304
      ],
      "Linear_CKA": [
        0.9807711839675903,
        0.9787697792053223,
        0.9811599254608154
      ]
    },
    "GMU Baseline": {
      "Accuracy": [
        0.6942857142857143,
        0.6892857142857143,
        0.695
      ],
      "Blank_Accuracy": [
        68.92857142857143,
        69.07142857142857,
        68.71428571428571
      ],
      "Blank_Drop": [
        0.5,
        -0.14285714285714285,
        0.7857142857142857
      ],
      "Neutral_Accuracy": [
        68.0,
        68.21428571428571,
        67.78571428571429
      ],
      "CFR": [
        3.0714285714285716,
        4.285714285714286,
        3.857142857142857
      ],
      "Mean_Delta_P": [
        3.8658564878361568,
        3.5465989794049944,
        3.6589963074241365
      ],
      "Linear_CKA": [
        0.7215943336486816,
        0.7247944474220276,
        0.7534284591674805
      ]
    },
    "Cross-Attention (V->T)": {
      "Accuracy": [
        0.7042857142857143,
        0.7035714285714286,
        0.7085714285714285
      ],
      "Blank_Accuracy": [
        46.142857142857146,
        57.642857142857146,
        43.0
      ],
      "Blank_Drop": [
        24.285714285714285,
        12.714285714285714,
        27.857142857142858
      ],
      "Neutral_Accuracy": [
        65.42857142857143,
        65.71428571428571,
        67.71428571428571
      ],
      "CFR": [
        13.642857142857142,
        16.285714285714285,
        12.428571428571429
      ],
      "Mean_Delta_P": [
        10.458718316895622,
        10.975489326885768,
        13.147389914308276
      ],
      "Linear_CKA": [
        0.21095174551010132,
        0.2162364423274994,
        0.2162647694349289
      ]
    },
    "Cross-Attention T->V": {
      "Accuracy": [
        0.7164285714285714,
        0.7071428571428572,
        0.7235714285714285
      ],
      "Blank_Accuracy": [
        69.92857142857143,
        68.64285714285714,
        71.0
      ],
      "Blank_Drop": [
        1.7142857142857142,
        2.0714285714285716,
        1.3571428571428572
      ],
      "Neutral_Accuracy": [
        70.5,
        68.21428571428571,
        70.92857142857143
      ],
      "CFR": [
        3.0,
        4.5,
        2.4285714285714284
      ],
      "Mean_Delta_P": [
        2.0811248368450572,
        3.0275103471108844,
        2.0846461398260936
      ],
      "Linear_CKA": [
        0.7006242275238037,
        0.7143315672874451,
        0.7048333287239075
      ]
    },
    "Image-Only": {
      "Accuracy": [
        0.6071428571428571,
        0.6107142857142858,
        0.6242857142857143
      ],
      "Blank_Accuracy": [
        0.6071428571428571,
        0.6107142857142858,
        0.6242857142857143
      ],
      "Blank_Drop": [
        0.0,
        0.0,
        0.0
      ],
      "Neutral_Accuracy": [
        0.6071428571428571,
        0.6107142857142858,
        0.6242857142857143
      ],
      "CFR": [
        0.0,
        0.0,
        0.0
      ],
      "Mean_Delta_P": [
        0.0,
        0.0,
        0.0
      ],
      "Linear_CKA": [
        1.0,
        1.0,
        1.0
      ]
    },
    "Text-Only": {
      "Accuracy": [
        0.5471428571428572,
        0.5471428571428572,
        0.5471428571428572
      ],
      "Blank_Accuracy": [
        54.714285714285715,
        54.714285714285715,
        54.714285714285715
      ],
      "Blank_Drop": [
        0.0,
        0.0,
        0.0
      ],
      "Neutral_Accuracy": [
        54.714285714285715,
        54.714285714285715,
        54.714285714285715
      ],
      "CFR": [
        0.0,
        0.0,
        0.0
      ],
      "Mean_Delta_P": [
        10.012904784509114,
        16.742625398295267,
        19.680374264717102
      ],
      "Linear_CKA": [
        1.0,
        1.0,
        1.0
      ]
    }
  }
}