{
  "completed_runs": [
    "123:Cross-Attention",
    "123:GMU Baseline",
    "123:Late Fusion",
    "1337:Cross-Attention",
    "1337:Cross-Attention T\u2192V",
    "1337:GMU Baseline",
    "1337:Image-Only",
    "1337:Late Fusion",
    "1337:Text-Only",
    "42:Cross-Attention",
    "42:GMU Baseline",
    "42:Late Fusion",
    "456:Cross-Attention",
    "456:Cross-Attention T\u2192V",
    "456:GMU Baseline",
    "456:Image-Only",
    "456:Late Fusion",
    "456:Text-Only",
    "789:Cross-Attention",
    "789:Cross-Attention T\u2192V",
    "789:GMU Baseline",
    "789:Image-Only",
    "789:Late Fusion",
    "789:Text-Only",
    "999:Cross-Attention",
    "999:GMU Baseline",
    "999:Late Fusion"
  ],
  "results": {
    "Late Fusion": {
      "Accuracy": [
        0.4221061792863359,
        0.4116623150565709,
        0.4116623150565709
      ],
      "Precision (Macro)": [
        0.38813868971810656,
        0.40721886677435587,
        0.3759868851534089
      ],
      "Recall (Macro)": [
        0.3302504873064978,
        0.3375378204565898,
        0.3181930373906928
      ],
      "F1 (Macro)": [
        0.2554948476149044,
        0.2404016913128205,
        0.23745375610211172
      ],
      "AUROC": [
        0.7421383804932916,
        0.7533616310590351,
        0.7559463205049459
      ],
      "Real_Accuracy": [
        42.210617928633596,
        41.166231505657095,
        41.166231505657095
      ],
      "Blank_Accuracy": [
        40.992167101827675,
        40.905134899912966,
        41.20974760661445
      ],
      "Blank_Accuracy_Drop": [
        1.2184508268059182,
        0.26109660574412535,
        -0.04351610095735422
      ],
      "CFR": [
        12.140992167101828,
        12.663185378590079,
        12.532637075718016
      ],
      "Mean_Delta_P": [
        5.332478546286999,
        5.654797702379285,
        6.398149725662511
      ],
      "Linear_CKA": [
        0.9645563364028931,
        0.9657405018806458,
        0.9660726189613342
      ],
      "N_samples": [
        2298,
        2298,
        2298
      ],
      "Vis_Feat_Norm": [
        34.7774772644043,
        34.7774772644043,
        34.7774772644043
      ],
      "Fused_Feat_Norm": [
        20.479745864868164,
        20.59964942932129,
        20.577083587646484
      ],
      "Neutral_Accuracy": [
        41.38381201044386,
        40.557006092254134,
        40.51348999129678
      ],
      "Counterfactual_Accuracy": [
        40.905134899912966,
        41.03568320278503,
        40.60052219321149
      ]
    },
    "GMU Baseline": {
      "Accuracy": [
        0.41383812010443866,
        0.4186248912097476,
        0.4247171453437772
      ],
      "Precision (Macro)": [
        0.3636530800734694,
        0.3557582394145317,
        0.37575230355992933
      ],
      "Recall (Macro)": [
        0.34025753434364386,
        0.330593708679194,
        0.3659228344501027
      ],
      "F1 (Macro)": [
        0.2710263124546611,
        0.2675956998878621,
        0.2788249810644421
      ],
      "AUROC": [
        0.7515857822824997,
        0.7676073887580461,
        0.7576011967445124
      ],
      "Real_Accuracy": [
        41.38381201044386,
        41.86248912097476,
        42.47171453437772
      ],
      "Blank_Accuracy": [
        41.64490861618799,
        41.47084421235857,
        42.51523063533507
      ],
      "Blank_Accuracy_Drop": [
        -0.26109660574412535,
        0.391644908616188,
        -0.04351610095735422
      ],
      "CFR": [
        9.70409051348999,
        9.312445604873803,
        10.052219321148826
      ],
      "Mean_Delta_P": [
        5.631055813234095,
        4.37928479168081,
        5.53729523774123
      ],
      "Linear_CKA": [
        0.8588981032371521,
        0.8667718768119812,
        0.8622885942459106
      ],
      "N_samples": [
        2298,
        2298,
        2298
      ],
      "Vis_Feat_Norm": [
        34.7774772644043,
        34.7774772644043,
        34.7774772644043
      ],
      "Fused_Feat_Norm": [
        8.98076057434082,
        9.241107940673828,
        8.578585624694824
      ],
      "Neutral_Accuracy": [
        41.34029590948651,
        41.81897302001741,
        42.25413402959095
      ],
      "Counterfactual_Accuracy": [
        41.38381201044386,
        41.47084421235857,
        42.60226283724978
      ]
    },
    "Cross-Attention": {
      "Accuracy": [
        0.4116623150565709,
        0.43646649260226283,
        0.40295909486510006
      ],
      "Precision (Macro)": [
        0.3728651875025473,
        0.38215749559761036,
        0.3066873332530469
      ],
      "Recall (Macro)": [
        0.3272060731760786,
        0.3717338884593604,
        0.35935124263487767
      ],
      "F1 (Macro)": [
        0.2630993495966772,
        0.33389110302032093,
        0.26441930462523405
      ],
      "AUROC": [
        0.7532946625216704,
        0.7576583275183149,
        0.7452606029516232
      ],
      "Real_Accuracy": [
        41.166231505657095,
        43.64664926022628,
        40.295909486510006
      ],
      "Blank_Accuracy": [
        22.715404699738905,
        36.118363794604,
        15.317667536988687
      ],
      "Blank_Accuracy_Drop": [
        18.45082680591819,
        7.528285465622281,
        24.978241949521323
      ],
      "CFR": [
        21.496953872932984,
        23.150565709312446,
        24.760661444734552
      ],
      "Mean_Delta_P": [
        10.258245571890118,
        11.771113505251414,
        10.61858503169034
      ],
      "Linear_CKA": [
        0.32853320240974426,
        0.33699554204940796,
        0.31702348589897156
      ],
      "N_samples": [
        2298,
        2298,
        2298
      ],
      "Vis_Feat_Norm": [
        34.7774772644043,
        34.7774772644043,
        34.7774772644043
      ],
      "Fused_Feat_Norm": [
        8.149667739868164,
        8.842604637145996,
        8.172160148620605
      ],
      "Neutral_Accuracy": [
        41.427328111401216,
        38.90339425587467,
        41.55787641427328
      ],
      "Counterfactual_Accuracy": [
        43.472584856396864,
        42.42819843342036,
        43.34203655352481
      ]
    },
    "Cross-Attention T\u2192V": {
      "Accuracy": [
        0.43342036553524804,
        0.43777197563098347,
        0.4329852045256745
      ],
      "Precision (Macro)": [
        0.48372659704646453,
        0.494740994046824,
        0.4814579508520663
      ],
      "Recall (Macro)": [
        0.3485136618518621,
        0.35722491544654517,
        0.4028577880388778
      ],
      "F1 (Macro)": [
        0.30630337434057275,
        0.33922629761983475,
        0.33410314163159444
      ],
      "AUROC": [
        0.7969007915466126,
        0.7870299577612546,
        0.8003745212033199
      ],
      "Real_Accuracy": [
        43.34203655352481,
        43.77719756309835,
        43.29852045256745
      ],
      "Blank_Accuracy": [
        42.99390774586597,
        43.21148825065274,
        43.16797214969539
      ],
      "Neutral_Accuracy": [
        42.55874673629243,
        42.16710182767624,
        42.7763272410792
      ],
      "Counterfactual_Accuracy": [
        43.2550043516101,
        43.73368146214099,
        43.472584856396864
      ],
      "Blank_Accuracy_Drop": [
        0.34812880765883375,
        0.5657093124456049,
        0.13054830287206268
      ],
      "CFR": [
        2.1322889469103568,
        3.5683202785030463,
        3.0896431679721497
      ],
      "Mean_Delta_P": [
        1.520580997458741,
        1.851491336333845,
        1.6193581740165193
      ],
      "Linear_CKA": [
        0.7604050636291504,
        0.7975361347198486,
        0.7352272272109985
      ],
      "N_samples": [
        2298,
        2298,
        2298
      ],
      "Vis_Feat_Norm": [
        34.7774772644043,
        34.7774772644043,
        34.7774772644043
      ],