{
  "completed_runs": [
    "123:Cross-Attention",
    "123:GMU Baseline",
    "123:Late Fusion",
    "42:Cross-Attention",
    "42:GMU Baseline",
    "42:Late Fusion",
    "999:Cross-Attention",
    "999:GMU Baseline",
    "999:Late Fusion"
  ],
  "results": {
    "Late Fusion": {
      "Accuracy": [
        0.4081810269799826,
        0.40948651000870323,
        0.40644038294168844
      ],
      "Precision (Macro)": [
        0.38764267974173633,
        0.3041536984954761,
        0.44746840073847943
      ],
      "Recall (Macro)": [
        0.2952985114426399,
        0.3107612699512899,
        0.30636339543518504
      ],
      "F1 (Macro)": [
        0.2370874648221543,
        0.2558590057677912,
        0.24274848348415848
      ],
      "AUROC": [
        0.7363772187347161,
        0.7143870465725793,
        0.7345485623774692
      ],
      "Real_Accuracy": [
        40.818102697998256,
        40.94865100087032,
        40.644038294168844
      ],
      "Blank_Accuracy": [
        42.08006962576153,
        41.775456919060055,
        41.90600522193211
      ],
      "Blank_Accuracy_Drop": [
        -1.2619669277632724,
        -0.8268059181897301,
        -1.2619669277632724
      ],
      "CFR": [
        3.350739773716275,
        4.438642297650131,
        4.090513489991297
      ],
      "Mean_Delta_P": [
        5.93073329684836,
        8.397882938177508,
        6.578403750225396
      ],
      "Linear_CKA": [
        0.9201256036758423,
        0.9089897274971008,
        0.920648455619812
      ],
      "N_samples": [
        2298,
        2298,
        2298
      ],
      "Vis_Feat_Norm": [
        34.77730941772461,
        34.77730941772461,
        34.77730941772461
      ],
      "Fused_Feat_Norm": [
        15.913137435913086,
        16.333311080932617,
        16.745059967041016
      ]
    },
    "GMU Baseline": {
      "Accuracy": [
        0.4151436031331593,
        0.4081810269799826,
        0.39556135770234985
      ],
      "Precision (Macro)": [
        0.4128120447428519,
        0.40065190796669875,
        0.46762728116987035
      ],
      "Recall (Macro)": [
        0.3308811888864298,
        0.32232579503881725,
        0.36019392929826727
      ],
      "F1 (Macro)": [
        0.2735664742220809,
        0.26517860802239085,
        0.27835764047532385
      ],
      "AUROC": [
        0.7434412065281354,
        0.7522268271011261,
        0.7437367268804476
      ],
      "Real_Accuracy": [
        41.514360313315926,
        40.818102697998256,
        39.55613577023499
      ],
      "Blank_Accuracy": [
        41.99303742384682,
        41.64490861618799,
        41.64490861618799
      ],
      "Blank_Accuracy_Drop": [
        -0.47867711053089645,
        -0.8268059181897301,
        -2.088772845953003
      ],
      "CFR": [
        3.4377719756309832,
        3.133159268929504,
        8.65970409051349
      ],
      "Mean_Delta_P": [
        5.552567061753352,
        4.789892818172461,
        7.19590630087259
      ],
      "Linear_CKA": [
        0.8308409452438354,
        0.826910674571991,
        0.8424726128578186
      ],
      "N_samples": [
        2298,
        2298,
        2298
      ],
      "Vis_Feat_Norm": [
        34.77730941772461,
        34.77730941772461,
        34.77730941772461
      ],
      "Fused_Feat_Norm": [
        9.6405668258667,
        9.7352876663208,
        9.50075912475586
      ]
    },
    "Cross-Attention": {
      "Accuracy": [
        0.4112271540469974,
        0.40687554395126196,
        0.41993037423846824
      ],
      "Precision (Macro)": [
        0.3322533602252013,
        0.3761320005490487,
        0.3176724084981463
      ],
      "Recall (Macro)": [
        0.36136456410053946,
        0.39165845594815907,
        0.3159584133566066
      ],
      "F1 (Macro)": [
        0.26068678318012894,
        0.31157387631187783,
        0.2648951287385275
      ],
      "AUROC": [
        0.7384204739058009,
        0.7650377291477902,
        0.7466769786458771
      ],
      "Real_Accuracy": [
        41.12271540469974,
        40.6875543951262,
        41.99303742384682
      ],
      "Blank_Accuracy": [
        11.401218450826805,
        23.063533507397736,
        21.01827676240209
      ],
      "Blank_Accuracy_Drop": [
        29.721496953872933,
        17.62402088772846,
        20.974760661444734
      ],
      "CFR": [
        28.76414273281114,
        29.765013054830288,
        13.054830287206267
      ],
      "Mean_Delta_P": [
        16.27873954718999,
        14.836574171396625,
        9.95501043279862
      ],
      "Linear_CKA": [
        0.9221632480621338,
        0.9215027689933777,
        0.9324952363967896
      ],
      "N_samples": [
        2298,
        2298,
        2298
      ],
      "Vis_Feat_Norm": [
        34.77730941772461,
        34.77730941772461,
        34.77730941772461
      ],
      "Fused_Feat_Norm": [
        27.712448120117188,
        27.711688995361328,
        27.712371826171875
      ]
    }
  }
}