{
  "Late Fusion": [
    41.64490861618799,
    40.90513489991297,
    40.73107049608355
  ],
  "GMU Baseline": [
    41.34029590948651,
    41.514360313315926,
    42.60226283724978
  ],
  "Cross-Attention (V->T)": [
    39.860748476936465,
    41.601392515230636,
    37.72845953002611
  ],
  "Cross-Attention T->V": [
    43.34203655352481,
    43.8207136640557,
    43.429068755439516
  ]
}